
{
 "1.001":[0.5319343139909535, 0.5031633742459685 ],
 "3.001":[0.4039024824134806, 0.3845726306613256 ],
 
 "5.0009999999999994":[0.2127669602465176, 0.20648983633587298 ],
 "7.0009999999999994":[0.012750313507283912, 0.018063886717864745 ],
 "9.001":[-0.14236727291779333, -0.13124043478407615 ],
 "11.001":[
  -0.21603437522174546,
  -0.20665078796685316
],
 "13.001":[
  -0.19946110020609098,
  -0.19791192387422918
],
 "15.001":[
  -0.11256393501334118,
  -0.12088960174029499
],
 "17.001":[
  0.004618455570834905,
  -0.010737308162100407
],
 "19.001":[
  0.10669850622185222,
  0.09076874129334432
],
 "21.001":[
  0.1585535720328774,
  0.14926592558807975
],
 "23.001":[
  0.14637214848920782,
  0.14847565175466257
],
 "25.001":[
  0.08057211838825358,
  0.09411924693754868
],
 "27.001":[
  -0.009940027889494142,
  0.01014523007063699
],
 "29.001":[
  -0.08961654825568525,
  -0.07099416176578079
],
 "31.001":[
  -0.12963940913284516,
  -0.12032495253790994
],
 "33.001":[
  -0.11793959071647295,
  -0.12231390757238098
],
 "35.001":[
  -0.06246428269748212,
  -0.07946352205191984
],
 "37.001":[
  0.013080241582885274,
  -0.010246338240867963
],
 "39.001":[
  0.07900785774310146,
  0.05850632006128643
],
 "41.001":[
  0.11104789072116279,
  0.10174871614810514
],
 "43.001":[
  0.09907080611219313,
  0.10514643173892378
],
 "45.001":[
  0.05006917745831593,
  0.0696595580339351
],
 "47.001":[
  -0.015400964432473616,
  0.010368534837643174
],
 "49.001":[
  -0.0716534815445055,
  -0.04974024860100676
],
 "51.001":[
  -0.09779138268209586,
  -0.08853776858680182
],
 "53.001":[
  -0.08533750210379774,
  -0.09277545383526957
],
 "55.001":[
  -0.04083516482213337,
  -0.06249973675105517
],
 "57.001":[
  0.017318719385188853,
  -0.010424194888385816
],
 "59.001":[
  0.06635839884300065,
  0.04328665716438655
],
 "61.001":[
  0.0879521679253948,
  0.07872574075956418
],
 "63.001":[
  0.07495982629859348,
  0.08353306517938089
],
 "65.001":[
  0.03368841043422132,
  0.0571282270260787
],
 "67.001":[
  -0.01902227978851447,
  0.010464443040915648
],
 "69.001":[
  -0.06258634260184735,
  -0.03843280108617461
],
 "71.001":[
  -0.0806277825194379,
  -0.07135504703352315
],
 "73.001":[
  -0.06706263957110767,
  -0.07662199551126124
],
 "75.001":[
  -0.028075952369458295,
  -0.053165952103626644
],
 "77.001":[
  0.020617597268129607,
  -0.01058309661641809
],
 "79.001":[
  0.06004507940874055,
  0.034736581867646256
],
 "81.001":[
  0.07530058328403227,
  0.06586060523500373
],
 "83.001":[
  0.0611220082488289,
  0.07158358081717082
],
 "85.001":[
  0.023654949195828123,
  0.05041442978244972
],
 "87.001":[
  -0.02216700856930522,
  0.010879609500543078
],
 "89.001":[
  -0.05852643009591721,
  -0.03187396974806587
],
 "91.001":[
  -0.07159587017022644,
  -0.061837387809283086
],
 "93.001":[
  -0.05675066348919903,
  -0.0680874730500835
],
 "95.001":[
  -0.020172420976637604,
  -0.04873142163830998
],
 "97.001":[
  0.02370071269705487,
  -0.01143711212341819
],
 "99.001":[
  0.057836588502375975,
  0.02958073706565016
],
 "101.001":[
  0.06917911049948136,
  0.05894415830520276
],
 "103.001":[
  0.05360797314411542,
  0.06583999584303206
],
 "105.001":[
  0.017415973848585502,
  0.04797272639882278
],
 "107.001":[
  -0.025220097102095055,
  0.012307045982201987
],
 "109.001":[
  -0.05776644704963694,
  -0.027632554857339443
],
 "111.001":[
  -0.06771426801678494,
  -0.056865363176787184
],
 "113.001":[
  -0.05136500265280652,
  -0.06454576699975913
],
 "115.001":[
  -0.015195510194141853,
  -0.047965872908187546
],
 "117.001":[
  0.026699403177679437,
  -0.013499063450081438
],
 "119.001":[
  0.058083268600146114,
  0.02584179704147958
],
 "121.001":[
  0.06685348877357751,
  0.05530112556732855
],
 "123.001":[
  0.04969729337007316,
  0.06389712116260461
],
 "125.001":[
  0.01333966045311821,
  0.04850243006044473
],
 "127.001":[
  -0.028088305232109444,
  0.014976394026103942
],
 "129.001":[
  -0.058535264011092776,
  -0.02406099351175496
],
 "131.001":[
  -0.06624435873334888,
  -0.053971425684451534
],
 "133.001":[
  -0.04829230909631611,
  -0.06357933573482867
],
 "135.001":[
  -0.011699049323915986,
  -0.0493425749799859
],
 "137.001":[
  0.029316423134986183,
  -0.016656917259558087
],
 "139.001":[
  0.058864228689112334,
  0.022187548191302562
],
 "141.001":[
  0.06554686032675588,
  0.05262679292172354
],
 "143.001":[
  0.046864043948164666,
  0.0632847263107739
],
 "145.001":[
  0.010151952680886514,
  0.05022793453434126
],
 "147.001":[
  -0.030299967143198846,
  0.01841975297033656
],
 "149.001":[
  -0.05882271853704981,
  -0.02016664232080434
],
 "151.001":[
  -0.06445460987867689,
  -0.05106065310680763
],
 "153.001":[
  -0.04516977060426399,
  -0.06273081103856382
],
 "155.001":[
  -0.008609598474723156,
  -0.05089950884063112
],
 "157.001":[
  0.030950178914799256,
  -0.02011662301761567
],
 "159.001":[
  0.05819280070153342,
  0.017990661156811315
],
 "161.001":[
  0.06271620408945754,
  0.04912004894827192
],
 "163.001":[
  0.04302530257015867,
  0.06167884724134662
],
 "165.001":[
  0.007019405236367768,
  0.051117773181571347
],
 "167.001":[
  -0.031182863241070825,
  0.021586715818430198
],
 "169.001":[
  -0.056803769898809,
  -0.015694522104524752
],
 "171.001":[
  -0.06015338204397893,
  -0.04671257233521904
],
 "173.001":[
  -0.04031617299904879,
  -0.0599498352457289
],
 "175.001":[
  -0.0053652267120350315,
  -0.05068226732104895
],
 "177.001":[
  0.030928074287308347,
  -0.022673390366449997
],
 "179.001":[
  0.054546605515622015,
  0.013347105933321224
],
 "181.001":[
  0.056673536960649196,
  0.04380829491498311
],
 "183.001":[
  0.037003057979949815,
  0.057435833245179396
],
 "185.001":[
  0.003664312394499607,
  0.0494482937978246
],
 "187.001":[
  -0.03013892705464231,
  0.02324084933089851
],
 "189.001":[
  -0.05138343789315693,
  -0.011039632905604961
],
 "191.001":[
  -0.052274986713952566,
  -0.04043633591299175
],
 "193.001":[
  -0.033120664535376064,
  -0.054105212144361835
],
 "195.001":[
  -0.001961230842565788,
  -0.047338814820144806
],
 "197.001":[
  0.02879854826424304,
  -0.023188918980158235
],
 "199.001":[
  0.04735089925663714,
  0.008872271589709985
],
 "201.001":[
  0.04704432990479655,
  0.03667645685033011
],
 "203.001":[
  0.028770149681663866,
  0.050001291280834886
],
 "205.001":[
  0.0003194266593135483,
  0.04435025112233911
],
 "207.001":[
  -0.026924350379182716,
  0.022464296097557002
],
 "209.001":[
  -0.042556919507644564,
  -0.006940503129057428
],
 "211.001":[
  -0.04114612249225323,
  -0.032646684616712295
],
 "213.001":[
  -0.024105889637459015,
  -0.045234584514958064
],
 "215.001":[
  0.001188625802999556,
  -0.04055159761421407
],
 "217.001":[
  0.02456908542188898,
  -0.02106703081056275
],
 "219.001":[
  0.03717123121197365,
  0.005322782819576291
],
 "221.001":[
  0.03480593721830972,
  0.02848839728403713
],
 "223.001":[
  0.01931802296134329,
  0.039969586959569675
],
 "225.001":[
  -0.0024915623984912536,
  0.03607701104955308
],
 "227.001":[
  -0.021818478042248037,
  0.019051559077562938
],
 "229.001":[
  -0.0314105045566593,
  -0.004070858156392364
],
 "231.001":[
  -0.028288542316337706,
  -0.024350533265217442
],
 "233.001":[
  -0.014612601637317127,
  -0.03440758390011146
],
 "235.001":[
  0.003528454425193286,
  -0.031112718276031733
],
 "237.001":[
  0.01878560872446698,
  -0.016522213645775306
],
 "239.001":[
  0.025519576972391454,
  0.0032037525137690813
],
 "241.001":[
  0.021873397937869774,
  0.02037459609300773
],